topic_name,topic_code,topic_desc,course_code,topic_index
Number 1,GFN1,MTH GCSE Maths Online Course - Foundation - Number 1,MTH-GF,1
Number 2,GFN2,MTH GCSE Maths Online Course - Foundation - Number 2,MTH-GF,2
Algebra 1,GFA1,MTH GCSE Maths Online Course - Foundation - Algebra 1,MTH-GF,3
Algebra 2,GFA2,MTH GCSE Maths Online Course - Foundation - Algebra 2,MTH-GF,4
Ratio and Measurement,GFRM,MTH GCSE Maths Online Course - Foundation – Ratio and Measurement,MTH-GF,5
Geometry 1,GFG1,MTH GCSE Maths Online Course - Foundation - Geometry 1,MTH-GF,6
Geometry 2,GFG2,MTH GCSE Maths Online Course - Foundation - Geometry 2,MTH-GF,7
Probability,GFP1,MTH GCSE Maths Online Course - Foundation - Probability,MTH-GF,8
Statistics,GFS1,MTH GCSE Maths Online Course - Foundation - Statistics,MTH-GF,9
